path,creates_table,rls_same_file,security_definer_count,search_path_set,fk_added,tier,verdict
supabase/migrations/00000000000000_baseline_from_prod.sql,Y,Y,251,Y,Y,0,N/A (pg_dump baseline snapshot of live prod schema, not a hand-authored diff)
supabase/migrations/20260430010000_foxy_chat_messages_add_structured.sql,N,N/A,0,N/A,N,2,PASS
supabase/migrations/20260503120000_add_ff_goal_adaptive_layers.sql,N,N/A,0,N/A,N,0,PASS
supabase/migrations/20260503140000_add_phase2_goal_aware_selection.sql,N,N/A,1,Y,N,0,PASS
supabase/migrations/20260503160000_add_ff_goal_daily_plan.sql,N,N/A,0,N/A,N,2,PASS
supabase/migrations/20260503180000_add_ff_goal_aware_rag.sql,N,N/A,0,N/A,N,2,PASS
supabase/migrations/20260503200000_add_rag_pack_provenance.sql,N,N/A,0,N/A,N,2,PASS
supabase/migrations/20260503210000_add_ff_goal_daily_plan_reminder.sql,N,N/A,0,N/A,N,0,PASS
supabase/migrations/20260504100000_enable_quiz_oracle_in_prod.sql,N,N/A,0,N/A,N,2,PASS
supabase/migrations/20260504100100_v2_quiz_raise_on_missing_snapshot.sql,N,N/A,3,Y,N,0,PASS
supabase/migrations/20260504100200_quiz_idempotency_key.sql,N,N/A,2,Y,N,0,PASS
supabase/migrations/20260504100300_server_only_quiz_submit_flag.sql,N,N/A,0,N/A,N,0,PASS
supabase/migrations/20260504100400_marking_audit_view.sql,N,N/A,0,N/A,N,0,PASS
supabase/migrations/20260504100500_backfill_quiz_shuffles_integrity.sql,N,N/A,0,N/A,N,2,PASS
supabase/migrations/20260504100600_v1_quiz_rpc_user_agent_flag.sql,N,N/A,0,N/A,N,2,PASS
supabase/migrations/20260504100700_fix_distinct_chapter_tuples_ambiguity.sql,N,N/A,0,N/A,N,2,PASS
supabase/migrations/20260504100800_staging_baseline_catchup.sql,N,N/A,0,N/A,N,2,PASS
supabase/migrations/20260504195900_ensure_experiment_observations.sql,Y,Y,0,N/A,Y,0,PASS
supabase/migrations/20260504200000_stem_lab_engagement_tier1.sql,Y,Y,5,Y,Y,0,PASS
supabase/migrations/20260504200100_stem_lab_badges.sql,Y,Y,6,Y,Y,0,PASS
supabase/migrations/20260504200200_add_conclusion_grading.sql,N,N/A,0,N/A,N,2,PASS
supabase/migrations/20260505000100_quarantine_mojibake_content.sql,N,N/A,0,N/A,N,2,PASS
supabase/migrations/20260505100000_disable_pg_cron_daily_in_favor_of_vercel.sql,N,N/A,0,N/A,N,2,PASS
supabase/migrations/20260505100100_notifications_idempotency_key.sql,N,N/A,0,N/A,N,2,PASS
supabase/migrations/20260505110000_atomic_cancel_subscription_rpc.sql,N,N/A,2,Y,N,0,PASS
supabase/migrations/20260505120000_account_deletion_flow.sql,Y,Y,2,Y,N,0,PASS
supabase/migrations/20260505130000_pre_debit_notice_events.sql,N,N/A,0,N/A,N,0,PASS
supabase/migrations/20260505155126_fix_pricing_family_school_plan.sql,N,N/A,0,N/A,N,2,PASS
supabase/migrations/20260505155227_fix_feature_flags_rollout_zero_consistency.sql,N,N/A,0,N/A,N,2,PASS
supabase/migrations/20260505155525_fix_get_quiz_questions_verified_filter.sql,N,N/A,1,Y,N,0,PASS
supabase/migrations/20260505155635_fix_rls_service_policies_scope_to_service_role.sql,N,N/A,0,N/A,N,0,PASS
supabase/migrations/20260505155947_backfill_bkt_mastery_all_sessions.sql,N,N/A,0,N/A,N,0,PASS
supabase/migrations/20260506000001_fix_irt_and_affective_race_conditions.sql,N,N/A,3,Y,N,0,PASS
supabase/migrations/20260506000002_white_label_school_schema.sql,N,N/A,2,Y,N,0,PASS
supabase/migrations/20260506000003_restore_rls_with_check_clauses.sql,N,N/A,0,N/A,N,0,PASS
supabase/migrations/20260507000001_add_ff_learn_read_mode_v1.sql,N,N/A,0,N/A,N,0,PASS
supabase/migrations/20260507000002_add_ff_school_self_service_billing_v1.sql,N,N/A,0,N/A,N,0,PASS
supabase/migrations/20260507000003_atomic_school_plan_change_rpc.sql,N,N/A,2,Y,N,0,PASS
supabase/migrations/20260507000004_add_tenant_type_and_typography.sql,N,N/A,0,N/A,Y,0,PASS
supabase/migrations/20260507000005_tenant_modules.sql,Y,Y,0,N/A,Y,0,PASS
supabase/migrations/20260507000006_tenant_configs.sql,Y,Y,0,N/A,Y,0,PASS
supabase/migrations/20260507000007_add_ff_event_bus_v1.sql,N,N/A,0,N/A,N,2,PASS
supabase/migrations/20260507100000_force_reapply_syllabus_triggers.sql,N,N/A,0,N/A,N,2,PASS
supabase/migrations/20260507110000_add_school_manage_modules_permission.sql,N,N/A,0,N/A,N,0,PASS
supabase/migrations/20260507120000_platform_module_overrides.sql,Y,Y,0,N/A,N,0,PASS
supabase/migrations/20260507130000_extend_schools_for_gst.sql,N,N/A,0,N/A,N,0,PASS
supabase/migrations/20260507130001_extend_school_invoices_for_gst.sql,N,N/A,0,N/A,N,2,PASS
supabase/migrations/20260507130002_invoice_number_sequences.sql,Y,Y,1,Y,N,1,PASS
supabase/migrations/20260507130003_add_ff_gst_invoicing_v1.sql,N,N/A,0,N/A,N,0,PASS
supabase/migrations/20260507140000_payment_reconciliation_queue.sql,Y,Y,0,N/A,Y,0,PASS
supabase/migrations/20260507140001_reconcile_payment_rpc.sql,N,N/A,2,Y,N,1,PASS
supabase/migrations/20260507140002_add_ff_offline_payment_reconciliation_v1.sql,N,N/A,0,N/A,N,0,PASS
supabase/migrations/20260507150000_school_contracts.sql,Y,Y,0,N/A,Y,0,PASS
supabase/migrations/20260507150001_contract_number_sequences.sql,Y,Y,1,Y,N,1,PASS
supabase/migrations/20260507150002_add_ff_school_contracts_v1.sql,N,N/A,0,N/A,N,0,PASS
supabase/migrations/20260508000001_syllabus_trigger_runtime_smoke.sql,N,N/A,0,N/A,N,2,PASS
supabase/migrations/20260508120000_issue_lab_badge_authuid_check.sql,N,N/A,3,Y,N,0,PASS
supabase/migrations/20260508140000_subject_governance_rpcs_authuid_check.sql,N,N/A,5,Y,N,0,PASS
supabase/migrations/20260508200000_chapter_readiness_rpc.sql,N,N/A,0,N/A,N,0,PASS
supabase/migrations/20260508210000_subject_readiness_rpc.sql,N,N/A,0,N/A,N,0,PASS
supabase/migrations/20260508220000_readiness_rubric_config.sql,Y,Y,0,N/A,N,0,PASS
supabase/migrations/20260508230000_foxy_message_feedback.sql,Y,Y,0,N/A,Y,0,PASS
supabase/migrations/20260508240000_foxy_quality_scores.sql,Y,Y,0,N/A,Y,0,PASS
supabase/migrations/20260509113406_phase1_promote_ncert_exercises_v2.sql,N,N/A,0,N/A,N,2,PASS
supabase/migrations/20260509120000_pedagogy_v2_wave_1_flags.sql,N,N/A,0,N/A,N,2,PASS
supabase/migrations/20260509124350_create_pending_subscription_clear_stale_lifecycle.sql,N,N/A,1,Y,N,0,PASS
supabase/migrations/20260509130000_mcp_applied_placeholder.sql,N,N/A,0,N/A,N,2,PASS
supabase/migrations/20260509161642_emergency_fix_quiz_rpcs_drop_chapter_title.sql,N,N/A,2,Y,N,0,PASS
supabase/migrations/20260510000000_pedagogy_v2_wave_2_phenomena_and_dive.sql,Y,Y,0,N/A,N,0,PASS
supabase/migrations/20260510033000_restore_grant_execute_overrevoked_client_rpcs.sql,N,N/A,1,N,N,1,PASS (SD mention is comment-only, referencing pre-existing functions; hand-verified)
supabase/migrations/20260510035233_restore_grant_execute_overrevoked_client_rpcs.sql,N,N/A,0,N/A,N,2,PASS
supabase/migrations/20260510043216_agent_traces.sql,Y,Y,0,N/A,N,0,PASS
supabase/migrations/20260510050527_agent_traces.sql,N,N/A,0,N/A,N,2,PASS
supabase/migrations/20260510064952_qb_fixer.sql,Y,Y,1,Y,N,1,PASS
supabase/migrations/20260510065248_qb_fixer.sql,N,N/A,0,N/A,N,2,PASS
supabase/migrations/20260510070057_qb_fixer_fix_review_feedback.sql,N,N/A,0,N/A,N,2,PASS
supabase/migrations/20260510125019_grounded_traces_grounded_from_chunks.sql,N,N/A,0,N/A,N,2,PASS
supabase/migrations/20260510131735_document_foxy_response_cache_unused.sql,N,N/A,0,N/A,N,2,PASS
supabase/migrations/20260511000000_pedagogy_v2_wave_3_monthly_synthesis.sql,Y,Y,0,N/A,N,0,PASS
supabase/migrations/20260511120000_agent_mesh_foundation.sql,Y,Y,0,N/A,Y,0,PASS
supabase/migrations/20260511144221_add_ff_editorial_atlas.sql,N,N/A,0,N/A,N,2,PASS
supabase/migrations/20260511180000_add_ff_editorial_atlas.sql,N,N/A,0,N/A,N,2,PASS
supabase/migrations/20260512000000_restore_chapter_rpc_filters.sql,N,N/A,1,Y,N,0,PASS
supabase/migrations/20260512065502_reconcile_phantom.sql,N,N/A,0,N/A,N,2,PASS
supabase/migrations/20260512065503_reconcile_phantom.sql,N,N/A,0,N/A,N,2,PASS
supabase/migrations/20260512070302_ff_chapter_reader_v2.sql,N,N/A,0,N/A,N,2,PASS
supabase/migrations/20260512070624_backfill_g7_math_ch1_concepts_v2.sql,N,N/A,0,N/A,N,0,PASS
supabase/migrations/20260512075619_ff_tutor_v1.sql,N,N/A,0,N/A,N,2,PASS
supabase/migrations/20260513000000_promote_ncert_exercises_to_question_bank.sql,N,N/A,0,N/A,N,2,PASS
supabase/migrations/20260513120000_promote_ncert_exercises_skip_duplicates.sql,N,N/A,0,N/A,N,2,PASS
supabase/migrations/20260514000000_quiz_rpcs_recognize_ncert_type.sql,N,N/A,2,Y,N,0,PASS
supabase/migrations/20260514120000_add_perf_indexes.sql,N,N/A,0,N/A,N,2,PASS
supabase/migrations/20260515000001_add_is_demo_to_teachers_and_guardians.sql,N,N/A,0,N/A,N,0,PASS
supabase/migrations/20260515000002_security_hardening_secdef_anon_searchpath_rls_view.sql,N,N/A,2,Y,N,1,PASS
supabase/migrations/20260515000003_perf_covering_indexes_batch_a.sql,N,N/A,0,N/A,Y,1,PASS
supabase/migrations/20260515000004_perf_covering_indexes_batch_b.sql,N,N/A,0,N/A,N,0,PASS
supabase/migrations/20260516000000_fix_security_definer_views.sql,N,N/A,0,N/A,N,0,PASS
supabase/migrations/20260516010000_fix_function_search_path_mutable.sql,N,N/A,0,N/A,N,0,PASS
supabase/migrations/20260516020000_tighten_rls_policy_always_true.sql,N,N/A,3,N,N,0,PASS (SD mentions comment-only; hand-verified)
supabase/migrations/20260516030000_document_school_subscriptions_rls.sql,N,N/A,0,N/A,N,0,PASS
supabase/migrations/20260516040000_revoke_execute_internal_functions.sql,N,N/A,0,N/A,N,0,PASS
supabase/migrations/20260516050000_revoke_execute_from_public_corrective.sql,N,N/A,1,N,N,0,PASS (SD mention comment-only; hand-verified)
supabase/migrations/20260516060000_revoke_execute_explicit_grants.sql,N,N/A,0,N/A,N,0,PASS
supabase/migrations/20260516070000_grounded_traces_grounded_from_chunks.sql,N,N/A,0,N/A,N,2,PASS
supabase/migrations/20260516080000_document_foxy_response_cache_unused.sql,N,N/A,0,N/A,N,2,PASS
supabase/migrations/20260516120000_cycle_goal_inbox.sql,Y,Y,0,N/A,Y,1,PASS
supabase/migrations/20260516180000_domain_events_bus.sql,Y,Y,0,N/A,Y,0,PASS
supabase/migrations/20260517100000_learner_state_projections.sql,Y,Y,0,N/A,N,0,PASS
supabase/migrations/20260518000001_mol_telemetry.sql,Y,Y,0,N/A,Y,0,PASS
supabase/migrations/20260518000002_mol_feedback.sql,Y,Y,0,N/A,Y,0,PASS
supabase/migrations/20260518000003_model_pricing.sql,Y,Y,0,N/A,N,1,PASS
supabase/migrations/20260518000004_mol_feature_flags.sql,N,N/A,0,N/A,N,2,PASS
supabase/migrations/20260518000006_mol_weight_update_fn.sql,N,N/A,1,N,N,1,FAIL (public.update_mol_routing_weights() is SECURITY DEFINER with NO search_path set inline or via any later ALTER FUNCTION anywhere in the chain -- genuine gap missed by Phase 2 SD-SWEEP; see findings.md Task 1 for exploitability analysis)
supabase/migrations/20260518000007_mol_health_view.sql,N,N/A,0,N/A,N,2,PASS
supabase/migrations/20260518100000_add_ff_foxy_context_rich_v1.sql,N,N/A,0,N/A,N,2,PASS
supabase/migrations/20260519000001_mol_shadow_routing.sql,N,N/A,0,N/A,N,2,PASS
supabase/migrations/20260519000002_mol_shadow_flag_seed.sql,N,N/A,0,N/A,N,2,PASS
supabase/migrations/20260519000003_mol_request_health_24h.sql,N,N/A,0,N/A,N,2,PASS
supabase/migrations/20260519100000_add_ff_rule_engine_v1.sql,N,N/A,0,N/A,N,2,PASS
supabase/migrations/20260520000001_mol_shadow_text_buffer.sql,Y,Y,0,N/A,N,0,PASS
supabase/migrations/20260520000002_mol_shadow_text_capture_flag.sql,N,N/A,0,N/A,N,2,PASS
supabase/migrations/20260520000003_add_question_bank_chapter_title.sql,N,N/A,0,N/A,N,2,PASS
supabase/migrations/20260520000004_jee_neet_schema_unblock.sql,N,N/A,0,N/A,N,2,PASS
supabase/migrations/20260520000005_exam_papers_and_pyq_import.sql,Y,Y,0,N/A,Y,0,PASS
supabase/migrations/20260520000006_seed_jee_neet_olympiad_papers.sql,N,N/A,0,N/A,N,0,PASS
supabase/migrations/20260520000007_competition_sku_substrate.sql,N,N/A,0,N/A,N,0,PASS
supabase/migrations/20260520000008_mock_test_attempts.sql,Y,Y,3,Y,Y,0,PASS
supabase/migrations/20260520000009_cbse_board_seed.sql,N,N/A,0,N/A,N,0,PASS
supabase/migrations/20260520000010_staging_canary_goal_aware.sql,N,N/A,0,N/A,N,2,PASS
supabase/migrations/20260520000011_cbse_grades_9_10_11_seed.sql,N,N/A,0,N/A,N,0,PASS
supabase/migrations/20260520000020_mol_pricing_date_aliases.sql,N,N/A,0,N/A,N,2,PASS
supabase/migrations/20260520100000_add_ff_mesh_l8_attribution_v1.sql,N,N/A,0,N/A,N,2,PASS
supabase/migrations/20260520120000_study_menu_v2_flag.sql,N,N/A,0,N/A,N,2,PASS
supabase/migrations/20260521100000_state_events_bus_rename.sql,Y,Y,0,N/A,Y,0,PASS
supabase/migrations/20260522100000_learner_loop_phase_1.sql,N,N/A,0,N/A,N,2,PASS
supabase/migrations/20260522110000_learner_loop_dashboard_phase_3a.sql,N,N/A,0,N/A,N,2,PASS
supabase/migrations/20260523100000_scheduled_actions_phase_3c.sql,Y,Y,0,N/A,Y,0,PASS
supabase/migrations/20260523110000_revise_route_phase_4.sql,N,N/A,0,N/A,N,0,PASS
supabase/migrations/20260524100000_phase_5_substrate.sql,N,N/A,0,N/A,N,2,PASS
supabase/migrations/20260524110000_syllabus_triggers_reapply_v3.sql,N,N/A,0,N/A,N,2,PASS
supabase/migrations/20260524110001_state_runtime_per_subscriber.sql,Y,Y,0,N/A,N,1,PASS
supabase/migrations/20260524110002_projector_runner_cron.sql,N,N/A,0,N/A,N,2,PASS
supabase/migrations/20260524180000_python_generate_concepts_flag.sql,N,N/A,0,N/A,N,0,PASS
supabase/migrations/20260525100000_adr_004_phase_2_bkt_schema.sql,Y,Y,0,N/A,Y,0,PASS
supabase/migrations/20260525100001_adr_004_phase_2_bkt_rpc.sql,N,N/A,1,Y,N,0,PASS
supabase/migrations/20260525100002_ff_tutor_bkt_v1.sql,N,N/A,0,N/A,N,2,PASS
supabase/migrations/20260525120000_coerce_students_preferred_subject.sql,N,N/A,0,N/A,Y,0,PASS
supabase/migrations/20260525130000_students_preferred_subject_fk.sql,N,N/A,0,N/A,Y,0,PASS
supabase/migrations/20260525130001_security_and_performance_advisor_batch1.sql,N,N/A,0,N/A,N,2,PASS
supabase/migrations/20260525130002_api_query_path_indexes_batch2.sql,N,N/A,0,N/A,N,2,PASS
supabase/migrations/20260526100000_projector_health_check_cron.sql,N,N/A,0,N/A,N,2,PASS
supabase/migrations/20260527000000_add_school_id_foxy_chat_messages.sql,N,N/A,1,Y,Y,0,PASS
supabase/migrations/20260527000001_add_school_id_audit_logs.sql,N,N/A,1,Y,Y,0,PASS
supabase/migrations/20260527000002_add_ff_realtime_subscriptions_v1.sql,N,N/A,0,N/A,N,2,PASS
supabase/migrations/20260527000003_teacher_parent_threads.sql,Y,Y,1,Y,Y,0,PASS
supabase/migrations/20260527000004_dpdp_parental_consent.sql,Y,Y,0,N/A,Y,0,PASS
supabase/migrations/20260527000005_link_code_otp.sql,Y,Y,1,Y,N,0,PASS
supabase/migrations/20260527000006_data_erasure_requests.sql,Y,Y,0,N/A,Y,0,PASS
supabase/migrations/20260527000007_data_erasure_cron.sql,N,N/A,0,N/A,N,2,PASS
supabase/migrations/20260527000008_perf_index_audit_phase_d6.sql,N,N/A,0,N/A,N,0,PASS
supabase/migrations/20260527000009_realtime_publication_subscribe.sql,N,N/A,0,N/A,N,2,PASS
supabase/migrations/20260527000010_synthetic_monitor_results.sql,Y,Y,0,N/A,Y,0,PASS
supabase/migrations/20260527000011_school_pause_audit.sql,N,N/A,0,N/A,Y,0,PASS
supabase/migrations/20260528000001_promote_demo_accounts_v2.sql,Y,Y,3,Y,N,0,PASS
supabase/migrations/20260528000002_school_slo_and_health_check_log.sql,Y,Y,1,Y,N,1,PASS
supabase/migrations/20260528000003_grounding_circuit_state.sql,N,N/A,0,N/A,N,2,PASS
supabase/migrations/20260528000004_demo_account_purge_cron.sql,N,N/A,1,Y,N,0,PASS
supabase/migrations/20260528000005_add_ff_demo_accounts_v2.sql,N,N/A,0,N/A,N,0,PASS
supabase/migrations/20260528000006_audit_logs_admin_actor_type.sql,N,N/A,0,N/A,N,2,PASS
supabase/migrations/20260528000007_admin_login_attempts.sql,Y,Y,1,Y,N,1,PASS
supabase/migrations/20260528000008_synthetic_host_monitor_cron.sql,N,N/A,0,N/A,N,0,PASS
supabase/migrations/20260528000009_subjects_rpc_stream_aware.sql,N,N/A,1,Y,N,0,PASS
supabase/migrations/20260528000010_extend_g11_12_stream_subjects_cbse.sql,N,N/A,0,N/A,N,0,PASS
supabase/migrations/20260528000011_foxy_continuity_observability.sql,N,N/A,0,N/A,N,2,PASS
supabase/migrations/20260528000012_foxy_chat_messages_pending.sql,N,N/A,0,N/A,N,2,PASS
supabase/migrations/20260528000013_foxy_pending_expectations.sql,Y,Y,4,Y,Y,0,PASS
supabase/migrations/20260528000014_foxy_long_memory_flag.sql,N,N/A,0,N/A,N,2,PASS
supabase/migrations/20260529000000_alfabot_v1.sql,Y,Y,1,N,Y,0,PASS (SD mention is comment-only "no SECURITY DEFINER"; hand-verified)
supabase/migrations/20260603120000_remove_ff_revise_route_v1.sql,N,N/A,0,N/A,N,2,PASS
supabase/migrations/20260603120100_remove_ff_study_menu_v2.sql,N,N/A,0,N/A,N,2,PASS
supabase/migrations/20260603140000_fix_sync_school_admin_role_trigger.sql,N,N/A,1,Y,N,0,PASS
supabase/migrations/20260603150000_demo_account_authority_completeness.sql,N,N/A,2,Y,N,0,PASS
supabase/migrations/20260603160000_mol_admin_functions_rollback_flag.sql,N,N/A,0,N/A,N,2,PASS
supabase/migrations/20260603170000_python_bulk_question_gen_flag.sql,N,N/A,0,N/A,N,2,PASS
supabase/migrations/20260603180000_python_generate_answers_flag.sql,N,N/A,0,N/A,N,2,PASS
supabase/migrations/20260603190000_python_voice_tts_flag.sql,N,N/A,0,N/A,N,0,PASS
supabase/migrations/20260604100000_classroom_integration_and_teacher_planner.sql,Y,Y,0,N/A,Y,0,PASS
supabase/migrations/20260605000000_fix_board_subject_chapter_gaps.sql,N,N/A,4,Y,N,0,PASS
supabase/migrations/20260606000000_phase5_phase6_python_flags.sql,N,N/A,0,N/A,N,2,PASS
supabase/migrations/20260607000000_micro_telemetry_and_cognitive_gaps.sql,Y,Y,0,N/A,Y,0,PASS
supabase/migrations/20260608000000_streak_freeze_and_curriculum.sql,N,N/A,1,Y,N,0,PASS
supabase/migrations/20260609000000_lesson_flow_and_parameters.sql,N,N/A,1,Y,N,0,PASS
supabase/migrations/20260609100000_python_monthly_synthesis_builder_flag.sql,N,N/A,0,N/A,N,2,PASS
supabase/migrations/20260609110000_python_nep_compliance_flag.sql,N,N/A,0,N/A,N,2,PASS
supabase/migrations/20260609120000_python_parent_report_generator_flag.sql,N,N/A,0,N/A,N,2,PASS
supabase/migrations/20260609130000_python_grade_experiment_conclusion_flag.sql,N,N/A,0,N/A,N,2,PASS
supabase/migrations/20260609140000_python_verify_question_bank_flag.sql,N,N/A,0,N/A,N,2,PASS
supabase/migrations/20260609150000_python_extract_ncert_questions_flag.sql,N,N/A,0,N/A,N,2,PASS
supabase/migrations/20260609160000_python_bulk_non_mcq_gen_flag.sql,N,N/A,0,N/A,N,2,PASS
supabase/migrations/20260609170000_demo_requests_table.sql,Y,Y,1,Y,N,1,PASS
supabase/migrations/20260609180000_extend_get_user_role_school_admin.sql,N,N/A,1,Y,N,0,PASS
supabase/migrations/20260610000000_publish_quiz_completed_event.sql,N,N/A,4,Y,N,0,PASS
supabase/migrations/20260610090000_secure_get_user_role.sql,N,N/A,3,Y,N,0,PASS
supabase/migrations/20260610090100_bootstrap_link_code.sql,N,N/A,4,Y,N,0,PASS
supabase/migrations/20260610100000_reconcile_demo_requests_table.sql,Y,Y,1,Y,N,1,PASS
supabase/migrations/20260610110000_seed_content_and_diagnostic_permissions.sql,N,N/A,0,N/A,N,0,PASS
supabase/migrations/20260611000000_seed_ff_cosmic_redesign_v1.sql,N,N/A,0,N/A,N,2,PASS
supabase/migrations/20260611000050_seed_payments_subscribe_permission.sql,N,N/A,0,N/A,N,0,PASS
supabase/migrations/20260611000100_seed_ff_school_admin_rbac_flag.sql,N,N/A,0,N/A,N,2,PASS
supabase/migrations/20260612000000_seed_phase1_consumer_minimalism_flags.sql,N,N/A,0,N/A,N,2,PASS
supabase/migrations/20260612123200_rbac_matrix_conformance.sql,N,N/A,0,N/A,N,0,PASS
supabase/migrations/20260613000000_child_encourage_permission.sql,N,N/A,0,N/A,N,0,PASS
supabase/migrations/20260613000001_parent_cheers.sql,Y,Y,0,N/A,Y,0,PASS
supabase/migrations/20260613000002_ff_parent_encourage_v1.sql,N,N/A,0,N/A,N,2,PASS
supabase/migrations/20260613000003_child_encourage_guardian_grant.sql,N,N/A,0,N/A,N,0,PASS
supabase/migrations/20260613000004_teacher_remediation_assignments.sql,Y,Y,0,N/A,Y,0,PASS
supabase/migrations/20260614000000_phase3b_school_command_center_read_models.sql,N,N/A,10,Y,N,0,PASS
supabase/migrations/20260614000001_phase3b_seat_enforcement.sql,N,N/A,14,Y,N,0,PASS
supabase/migrations/20260614000002_phase3b_school_admin_rbac.sql,N,N/A,0,N/A,N,0,PASS
supabase/migrations/20260614000003_phase3b_school_reporting.sql,N,N/A,9,Y,N,0,PASS
supabase/migrations/20260614200000_repair_security_advisor_batch1.sql,N,N/A,0,N/A,N,0,PASS
supabase/migrations/20260614200001_repair_api_query_path_indexes.sql,N,N/A,0,N/A,N,2,PASS
supabase/migrations/20260614200002_bootstrap_idempotency_harness.sql,N,N/A,0,N/A,N,0,PASS
supabase/migrations/20260615000000_phase3c_seed_white_label_flags.sql,N,N/A,0,N/A,N,2,PASS
supabase/migrations/20260615100000_enable_production_flags_local_dev.sql,N,N/A,0,N/A,N,2,PASS
supabase/migrations/20260615122657_create_learning_events.sql,Y,Y,0,N/A,Y,0,PASS
supabase/migrations/20260615122658_create_intervention_alerts.sql,Y,Y,0,N/A,Y,0,PASS
supabase/migrations/20260615122659_create_system_metrics.sql,Y,Y,0,N/A,N,0,PASS
supabase/migrations/20260615142552_restore_missing_quiz_functions.sql,N,N/A,6,Y,N,0,PASS
supabase/migrations/20260615153409_seed_ff_quiz_telemetry_v1.sql,N,N/A,0,N/A,N,2,PASS
supabase/migrations/20260615162908_restore_missing_rpc_surface.sql,N,N/A,4,Y,N,0,PASS
supabase/migrations/20260615180149_add_consecutive_wrong_to_concept_mastery.sql,N,N/A,0,N/A,N,2,PASS
supabase/migrations/20260615181255_maintain_consecutive_wrong_in_learner_state.sql,N,N/A,2,Y,N,1,PASS
supabase/migrations/20260615205752_institution_entitlements.sql,Y,Y,0,N/A,Y,0,PASS
supabase/migrations/20260615205753_seed_ff_institution_entitlements_v1.sql,N,N/A,0,N/A,N,2,PASS
supabase/migrations/20260616000000_education_intelligence_cloud_v1.sql,Y,Y,0,N/A,Y,0,PASS
supabase/migrations/20260616000100_eic_aggregation_functions.sql,N,N/A,8,Y,N,0,PASS
supabase/migrations/20260616010000_principal_ai_assistant_v1.sql,Y,Y,4,Y,Y,0,PASS
supabase/migrations/20260616020000_grant_principal_ai_context_execute_authenticated.sql,N,N/A,2,N,N,1,PASS (SD mention comment-only; hand-verified)
supabase/migrations/20260616120000_purchase_streak_freeze_rpc.sql,N,N/A,1,Y,N,0,PASS
supabase/migrations/20260617000000_seed_payment_failed_webhook_alert_rule.sql,N,N/A,0,N/A,N,0,PASS
supabase/migrations/20260618000000_fix_eic_clamp_double_precision.sql,N,N/A,0,N/A,N,0,PASS
supabase/migrations/20260618000001_platform_security_layer.sql,Y,Y,12,Y,Y,0,PASS
supabase/migrations/20260618090000_data_erasure_purger_compliance.sql,N,N/A,3,Y,Y,0,PASS
supabase/migrations/20260618093000_internal_cron_security_policies.sql,N,N/A,0,N/A,N,2,PASS
supabase/migrations/20260619000000_seed_ff_foxy_os_v1.sql,N,N/A,0,N/A,N,2,PASS
supabase/migrations/20260619000100_seed_ff_school_pulse_v1.sql,N,N/A,0,N/A,N,2,PASS
supabase/migrations/20260619000150_reconcile_teacher_remediation_assignments.sql,Y,Y,0,N/A,Y,0,PASS
supabase/migrations/20260619000200_adaptive_interventions.sql,Y,Y,0,N/A,Y,0,PASS
supabase/migrations/20260619000300_seed_ff_adaptive_remediation_v1.sql,N,N/A,0,N/A,N,2,PASS
supabase/migrations/20260619000400_teacher_remediation_dedupe_index.sql,N,N/A,0,N/A,N,0,PASS
supabase/migrations/20260619000500_adaptive_interventions_extend_trigger_signal.sql,N,N/A,0,N/A,N,2,PASS
supabase/migrations/20260619000600_seed_ff_adaptive_loops_bc_v1.sql,N,N/A,0,N/A,N,2,PASS
supabase/migrations/20260619000700_seed_ff_foxy_learning_actions_v1.sql,N,N/A,0,N/A,N,2,PASS
supabase/migrations/20260619000800_seed_ff_foxy_math_pipeline_v1.sql,N,N/A,0,N/A,N,2,PASS
supabase/migrations/20260619000900_foxy_pending_expectations_add_next_topic.sql,N,N/A,0,N/A,N,2,PASS
supabase/migrations/20260619001000_seed_ff_foxy_curriculum_guard_v1.sql,N,N/A,0,N/A,N,2,PASS
supabase/migrations/20260620000000_portal_rbac_remediation_phase0_school_manage_exams.sql,N,N/A,0,N/A,N,0,PASS
supabase/migrations/20260620000100_portal_rbac_remediation_phase0_content_read_alfabot_read_messages.sql,N,N/A,0,N/A,N,0,PASS
supabase/migrations/20260620000200_portal_rbac_remediation_phase2_guardian_read_foxy_chat.sql,N,N/A,1,N,N,0,PASS (SD mention comment-only, references baseline is_guardian_of; hand-verified)
supabase/migrations/20260620000300_portal_rbac_remediation_phase3_get_admin_school_id_recognizes_school_admins.sql,N,N/A,1,Y,N,0,PASS
supabase/migrations/20260620000400_phase3_enable_school_saas_flags.sql,N,N/A,0,N/A,N,0,PASS
supabase/migrations/20260620000500_portal_rbac_remediation_seed_school_manage_api_keys.sql,N,N/A,0,N/A,N,0,PASS
supabase/migrations/20260620000600_create_parent_weekly_reports.sql,Y,Y,1,N,Y,0,PASS (SD mention comment-only, references baseline is_guardian_of; hand-verified)
supabase/migrations/20260620000700_sync_class_students_class_enrollments.sql,N,N/A,6,Y,N,0,PASS
supabase/migrations/20260620000800_add_razorpay_plan_id_quarterly.sql,N,N/A,0,N/A,N,0,PASS
supabase/migrations/20260620000900_fix_match_rag_chunks_drop_syllabus_version.sql,N,N/A,1,Y,N,1,PASS
supabase/migrations/20260620001000_grade_book_entries.sql,Y,Y,0,N/A,Y,0,PASS
supabase/migrations/20260620001100_platform_security_layer_replica_identity.sql,N,N/A,0,N/A,N,2,PASS
supabase/migrations/20260620001200_ncert_question_engine_security_policy.sql,N,N/A,0,N/A,N,0,PASS
supabase/migrations/20260620001300_ai_edge_function_security_policies.sql,N,N/A,0,N/A,N,2,PASS
supabase/migrations/20260620001400_parent_report_generator_parent_policy.sql,N,N/A,0,N/A,N,0,PASS
supabase/migrations/20260620001500_whatsapp_notify_security_policy.sql,N,N/A,0,N/A,N,2,PASS
supabase/migrations/20260620001600_phase4_internal_caller_registrations.sql,N,N/A,0,N/A,N,2,PASS
supabase/migrations/20260620001601_enable_latest_frontend_flags.sql,N,N/A,0,N/A,N,2,PASS
supabase/migrations/20260620001700_enable_pedagogy_v2_daily_rhythm_global.sql,N,N/A,0,N/A,N,0,PASS
supabase/migrations/20260621000000_phase1_academic_structure_attendance_boards.sql,Y,Y,1,Y,Y,0,PASS
supabase/migrations/20260621000001_enable_core_student_flags.sql,N,N/A,0,N/A,N,2,PASS
supabase/migrations/20260621000100_track_a_school_admin_provisioning.sql,Y,Y,4,Y,Y,0,PASS
supabase/migrations/20260621000200_get_next_unstarted_chapter.sql,N,N/A,0,N/A,N,0,PASS
supabase/migrations/20260621000300_track_a_per_state_gst_billing.sql,Y,Y,7,Y,Y,0,PASS
supabase/migrations/20260621000400_fix_subject_visibility_remove_content_ready_gate.sql,N,N/A,1,Y,N,0,PASS
supabase/migrations/20260621000500_backfill_question_bank_topic_id.sql,N,N/A,0,N/A,N,0,PASS
supabase/migrations/20260621000550_track_a_atomic_seat_enroll_rpcs.sql,N,N/A,7,Y,N,0,PASS
supabase/migrations/20260621000600_submit_quiz_v2_topic_id_fallback.sql,N,N/A,2,Y,N,0,PASS
supabase/migrations/20260621000650_seed_grade7_cbse_subjects.sql,N,N/A,0,N/A,N,0,PASS
supabase/migrations/20260621000660_track_a6_public_api_webhooks_marketplace.sql,Y,Y,1,N,Y,0,PASS (SD mention comment-only "NO SECURITY DEFINER functions in this file"; hand-verified)
supabase/migrations/20260621000700_fix_missing_rag_chapters.sql,N,N/A,0,N/A,N,0,PASS
supabase/migrations/20260621000750_seed_chapter_concepts_pilot_g7_g9.sql,N,N/A,0,N/A,N,0,PASS
supabase/migrations/20260621000800_reset_premature_autonomous_flags.sql,N,N/A,0,N/A,N,0,PASS
supabase/migrations/20260622000000_recompute_subject_content_readiness_from_syllabus.sql,N,N/A,2,Y,N,0,PASS
supabase/migrations/20260622010000_chapter_concepts_chapter_id_nullable.sql,N,N/A,0,N/A,N,2,PASS
supabase/migrations/20260622020000_add_concept_mastery_cme_columns.sql,N,N/A,0,N/A,N,2,PASS
supabase/migrations/20260622030000_submit_quiz_v2_resilient_mastery_perform.sql,N,N/A,3,Y,N,0,PASS
supabase/migrations/20260622040000_fix_get_adaptive_questions_topic_join.sql,N,N/A,5,Y,N,0,PASS
supabase/migrations/20260622050000_restore_compute_post_quiz_action.sql,N,N/A,4,Y,N,0,PASS
supabase/migrations/20260622060000_phase1_adaptive_refinement_retention_and_softdelete.sql,N,N/A,8,Y,N,0,PASS
supabase/migrations/20260622070000_phase4_mastery_backfill_replay.sql,N,N/A,0,N/A,N,0,PASS
supabase/migrations/20260622080000_clamp_sm2_interval.sql,N,N/A,1,Y,N,1,PASS
supabase/migrations/20260622090000_seed_ff_adaptive_live_selection_v1.sql,N,N/A,0,N/A,N,2,PASS
supabase/migrations/20260622100000_seed_irt_difficulty_proxy.sql,N,N/A,0,N/A,N,2,PASS
supabase/migrations/20260623000000_backfill_canonical_mastery_columns.sql,N,N/A,0,N/A,N,2,PASS
supabase/migrations/20260623000100_fix_post_quiz_canonical_mastery.sql,N,N/A,3,Y,N,1,PASS
supabase/migrations/20260623000200_quiz_responses_error_type_column.sql,N,N/A,0,N/A,N,0,PASS
supabase/migrations/20260623000300_submit_quiz_v2_server_classify_error_type.sql,N,N/A,4,Y,N,0,PASS
supabase/migrations/20260623000400_foxy_served_items.sql,Y,Y,0,N/A,Y,0,PASS
supabase/migrations/20260623000500_reapply_submit_quiz_v2_column_fix.sql,N,N/A,3,Y,N,0,PASS
supabase/migrations/20260623000600_fix_atomic_quiz_reference_id_on_conflict_42p10.sql,N,N/A,3,Y,N,0,PASS
supabase/migrations/20260623000700_derive_bloom_progression_and_knowledge_gaps_from_concept_mastery.sql,N,N/A,3,Y,N,1,PASS
supabase/migrations/20260623000800_derive_dashboard_bloom_and_gaps_from_concept_mastery.sql,N,N/A,2,Y,N,0,PASS
supabase/migrations/20260623010000_seed_unseeded_b2b_flags.sql,N,N/A,0,N/A,N,0,PASS
supabase/migrations/20260623020000_provision_school_rpc.sql,N,N/A,5,Y,N,0,PASS
supabase/migrations/20260624000100_seed_cbse_syllabus_manifest.sql,N,N/A,0,N/A,N,0,PASS
supabase/migrations/20260624100000_enable_engagement_flags_phase1.sql,N,N/A,0,N/A,N,0,PASS
supabase/migrations/20260624110000_get_class_leaderboard_rpc.sql,N,N/A,5,Y,N,0,PASS
supabase/migrations/20260624120000_seed_ff_streak_guardian_cron_v1.sql,N,N/A,0,N/A,N,0,PASS
supabase/migrations/20260624130000_add_foxy_extra_chats_column.sql,N,N/A,0,N/A,N,0,PASS
supabase/migrations/20260625000100_fix_chapter_completion_threshold.sql,N,N/A,1,Y,N,0,PASS
supabase/migrations/20260625000200_fix_pool_reset_min_pool_guard.sql,N,N/A,2,Y,N,0,PASS
supabase/migrations/20260625000300_get_chapter_titles_for_pairs.sql,N,N/A,0,N/A,N,2,PASS
supabase/migrations/20260626120000_enable_ff_grounded_ai_enabled.sql,N,N/A,0,N/A,N,0,PASS
supabase/migrations/20260628000000_board_score_v1.sql,Y,Y,0,N/A,Y,0,PASS
supabase/migrations/20260628015107_reconcile_board_score_ghost.sql,N,N/A,0,N/A,N,2,PASS
supabase/migrations/20260628015237_reconcile_board_score_ghost.sql,N,N/A,0,N/A,N,2,PASS
supabase/migrations/20260701000001_raise_bloom_diversity_gate.sql,N,N/A,1,Y,N,0,PASS
supabase/migrations/20260702000100_concept_edges.sql,Y,Y,0,N/A,Y,1,PASS
supabase/migrations/20260702000200_learner_twin_snapshots.sql,Y,Y,0,N/A,Y,0,PASS
supabase/migrations/20260702000300_learner_twin_memory.sql,Y,Y,0,N/A,Y,0,PASS
supabase/migrations/20260702000400_traverse_prerequisites.sql,N,N/A,0,N/A,N,2,PASS
supabase/migrations/20260702000500_detect_blocked_dependents.sql,N,N/A,0,N/A,N,2,PASS
supabase/migrations/20260702000600_extend_gap_and_path_with_concept_edges.sql,N,N/A,2,Y,N,1,PASS
supabase/migrations/20260702000700_seed_ff_digital_twin_v1.sql,N,N/A,0,N/A,N,2,PASS
supabase/migrations/20260702000800_adaptive_interventions_allow_blocked_prerequisite.sql,N,N/A,0,N/A,N,2,PASS
supabase/migrations/20260702010000_teacher_assigned_students_rls.sql,N,N/A,4,N,N,0,PASS (SD mentions comment-only, delegates to existing baseline helper is_teacher_of; hand-verified)
supabase/migrations/20260702020000_slc1_dedupe_quiz_session_xp_trigger.sql,N,N/A,4,Y,N,0,PASS
supabase/migrations/20260702030000_class_membership_softdelete_sync.sql,N,N/A,5,Y,N,0,PASS
supabase/migrations/20260702050000_class_enrollments_teacher_select_policy.sql,N,N/A,0,N/A,N,0,PASS
supabase/migrations/20260702060000_class_membership_isactive_backfill.sql,Y,Y,0,N/A,N,1,PASS
supabase/migrations/20260702070000_ao10b_backfill_student_grade_p5.sql,Y,Y,2,Y,N,0,PASS
supabase/migrations/20260702080000_fix_students_rls_infinite_recursion.sql,N,N/A,6,Y,N,0,PASS
supabase/migrations/20260702090000_xc3_p1_is_school_admin_of_student_helper.sql,N,N/A,12,Y,N,0,PASS
supabase/migrations/20260702100000_xc3_p4_drain_at_risk_alerts_teacher_select.sql,N,N/A,7,N,N,0,PASS (SD mentions comment-only, delegates to existing SECURITY DEFINER helper get_my_teacher_id; hand-verified)
supabase/migrations/20260702110000_fix_twin_rls_active_guard_and_xc3.sql,N,N/A,12,N,N,0,PASS (SD mentions comment-only, delegates to existing helpers is_guardian_of/is_teacher_of; hand-verified)
supabase/migrations/20260702120000_hnsw_index_twin_memory_embedding.sql,N,N/A,0,N/A,N,2,PASS
supabase/migrations/20260702130000_xc3_student_select_helper.sql,N,N/A,7,Y,N,0,PASS
supabase/migrations/20260702140000_p3w2_9_orphan_fk_hardening.sql,N,N/A,0,N/A,Y,0,PASS (Phase 3 Wave 2 #9 fix -- 6 FK constraints added NOT VALID with idempotent pg_constraint guards; hand-verified full file text, see findings.md Task 3.3)
supabase/migrations/20260702150000_p3w1_5_quiz_rpc_ownership_check.sql,N,N/A,9,Y,N,0,PASS (Phase 3 Wave 1 #5 fix -- ownership check added to submit_quiz_results v1 + both atomic_quiz_profile_update overloads; hand-verified full file text, see findings.md Task 3.1)
supabase/migrations/20260702150000_p3w2_8_backfill_legacy_only_flag_seeds.sql,N,N/A,0,N/A,N,0,PASS (Phase 3 Wave 2 #8 fix -- 4 feature-flag seeds backfilled at root with ON CONFLICT DO NOTHING; hand-verified, see findings.md Task 3.4)
supabase/migrations/20260702160000_p3w3_17_concept_mastery_review_date_index.sql,N,N/A,0,N/A,N,2,PASS
supabase/migrations/20260702170000_p3w1_5b_revoke_orphan_atomic_quiz_5arg.sql,N,N/A,0,N/A,N,2,PASS (Phase 3 Wave 1 #5b follow-up -- REVOKE EXECUTE on orphaned 5-arg atomic_quiz_profile_update overload; hand-verified, see findings.md Task 3.1)
